{"loss":{"0":0.2095244825,"1":0.2033143491,"2":0.2070916593,"3":0.1924221218,"4":0.2043817937,"5":0.1845601499,"6":0.1831161529,"7":0.1779229343,"8":0.1967889518,"9":0.1726018637,"10":0.1801776588,"11":0.1679450572,"12":0.1912990063,"13":0.1781148612,"14":0.1647412628,"15":0.1815723479,"16":0.1858193725,"17":0.1797200888,"18":0.1894279867,"19":0.1743237674,"20":0.1843332201,"21":0.183701098,"22":0.1863866299,"23":0.1811317056,"24":0.1634738892,"25":0.1747588217,"26":0.1776271611,"27":0.188263312,"28":0.1657930613,"29":0.1640870273,"30":0.1704165787,"31":0.1727895737,"32":0.1756623387,"33":0.173330918,"34":0.1788902432,"35":0.172939986,"36":0.1789200753,"37":0.181575641,"38":0.1719020158,"39":0.1586305052,"40":0.164310053,"41":0.1756946445,"42":0.1728019863,"43":0.1677993536,"44":0.1573855579,"45":0.2041062415,"46":0.1856646985,"47":0.1699364334,"48":0.1727852523,"49":0.1678909063},"accuracy":{"0":0.9338805079,"1":0.9329685569,"2":0.9311445355,"3":0.9316005707,"4":0.9311445355,"5":0.9370725155,"6":0.9398084879,"7":0.9439124465,"8":0.9402644634,"9":0.9402644634,"10":0.9388964772,"11":0.9461924434,"12":0.9320565462,"13":0.9439124465,"14":0.9448244572,"15":0.9357045293,"16":0.9411764741,"17":0.9393525124,"18":0.9366164804,"19":0.9439124465,"20":0.9407204986,"21":0.9388964772,"22":0.9352484941,"23":0.9411764741,"24":0.9452804327,"25":0.9407204986,"26":0.9416324496,"27":0.9393525124,"28":0.9398084879,"29":0.9430004358,"30":0.9475604296,"31":0.9393525124,"32":0.9407204986,"33":0.9430004358,"34":0.9393525124,"35":0.9411764741,"36":0.9411764741,"37":0.9366164804,"38":0.9466484189,"39":0.943456471,"40":0.9430004358,"41":0.9430004358,"42":0.9430004358,"43":0.9416324496,"44":0.9471043944,"45":0.9338805079,"46":0.9398084879,"47":0.9484724402,"48":0.9425444603,"49":0.9425444603},"val_loss":{"0":0.2180903256,"1":0.2168546468,"2":0.2160426676,"3":0.2162478715,"4":0.2161027044,"5":0.2156000584,"6":0.2157819271,"7":0.2157610357,"8":0.2154392004,"9":0.2154146433,"10":0.2151186019,"11":0.2148739994,"12":0.2144128233,"13":0.2141099274,"14":0.2138801664,"15":0.2142585218,"16":0.2150137722,"17":0.2149965018,"18":0.2143021375,"19":0.2143300027,"20":0.2139372379,"21":0.2137032151,"22":0.213468194,"23":0.2135999948,"24":0.21365197,"25":0.2131214738,"26":0.2133100629,"27":0.213183254,"28":0.2130825073,"29":0.2130229771,"30":0.2127976716,"31":0.2138916701,"32":0.2138281763,"33":0.2138691843,"34":0.2136972994,"35":0.2131873071,"36":0.2127806693,"37":0.2131012082,"38":0.2131996155,"39":0.2134392262,"40":0.2131439745,"41":0.2131959647,"42":0.2131210864,"43":0.2129457593,"44":0.2125869691,"45":0.2126999944,"46":0.2132392377,"47":0.2132966369,"48":0.2142367363,"49":0.2144514471},"val_accuracy":{"0":0.9318600297,"1":0.9318600297,"2":0.9337016344,"3":0.9337016344,"4":0.9337016344,"5":0.9337016344,"6":0.9337016344,"7":0.9337016344,"8":0.9337016344,"9":0.9337016344,"10":0.9337016344,"11":0.9355432987,"12":0.9355432987,"13":0.9355432987,"14":0.9355432987,"15":0.9373849034,"16":0.9373849034,"17":0.9392265081,"18":0.9392265081,"19":0.9392265081,"20":0.9392265081,"21":0.9392265081,"22":0.9392265081,"23":0.9392265081,"24":0.9392265081,"25":0.9392265081,"26":0.9392265081,"27":0.9392265081,"28":0.9392265081,"29":0.9392265081,"30":0.9392265081,"31":0.9392265081,"32":0.9373849034,"33":0.9373849034,"34":0.9392265081,"35":0.9392265081,"36":0.9392265081,"37":0.9373849034,"38":0.9373849034,"39":0.9373849034,"40":0.9373849034,"41":0.9373849034,"42":0.9373849034,"43":0.9373849034,"44":0.9373849034,"45":0.9373849034,"46":0.9373849034,"47":0.9373849034,"48":0.9373849034,"49":0.9373849034}}